<?xml version="1.0"?>
<data grt_format="2.0">
  <value _ptr_="06660320" type="list" content-type="object" content-struct-name="db.mgmt.Connection">
    <value type="object" struct-name="db.mgmt.Connection" id="{9B4D35C3-A06A-491E-BC75-51ECD80DF653}" struct-checksum="0x96ba47d8">
      <link type="object" struct-name="db.mgmt.Driver" key="driver">com.mysql.rdbms.mysql.driver.native</link>
      <value type="string" key="hostIdentifier">Mysql@127.0.0.1:3306</value>
      <value type="int" key="isDefault">1</value>
      <value _ptr_="0D847118" type="dict" key="modules"/>
      <value _ptr_="0D847698" type="dict" key="parameterValues">
        <value type="string" key=""></value>
        <value type="string" key="SQL_MODE"></value>
        <value type="string" key="hostName">127.0.0.1</value>
        <value type="int" key="lastConnected">1439742453</value>
        <value type="string" key="password"></value>
        <value type="int" key="port">3306</value>
        <value type="string" key="schema">christian</value>
        <value type="string" key="serverVersion">5.6.17</value>
        <value type="string" key="sslCA"></value>
        <value type="string" key="sslCert"></value>
        <value type="string" key="sslCipher"></value>
        <value type="string" key="sslKey"></value>
        <value type="int" key="useSSL">1</value>
        <value type="string" key="userName">root</value>
      </value>
      <value type="string" key="name">Christian</value>
    </value>
    <value type="object" struct-name="db.mgmt.Connection" id="{B7CE0CEA-3A37-42DE-A6FA-4834281A41E5}" struct-checksum="0x96ba47d8">
      <link type="object" struct-name="db.mgmt.Driver" key="driver">com.mysql.rdbms.mysql.driver.native</link>
      <value type="string" key="hostIdentifier">Mysql@localhost:3306</value>
      <value type="int" key="isDefault">0</value>
      <value _ptr_="0D501A18" type="dict" key="modules"/>
      <value _ptr_="0D501C58" type="dict" key="parameterValues">
        <value type="string" key="hostName">localhost</value>
        <value type="int" key="lastConnected">1439742429</value>
        <value type="int" key="port">3306</value>
        <value type="string" key="serverVersion">5.6.17</value>
        <value type="string" key="userName">root</value>
      </value>
      <value type="string" key="name">Local instance wampmysqld</value>
    </value>
  </value>
</data>
