<?xml version="1.0"?>
<data grt_format="2.0">
  <value _ptr_="06660290" type="list" content-type="object" content-struct-name="db.mgmt.ServerInstance">
    <value type="object" struct-name="db.mgmt.ServerInstance" id="{8D27BAA3-8139-4240-AF7A-B430573B5BD4}" struct-checksum="0x367436e2">
      <link type="object" struct-name="db.mgmt.Connection" key="connection">{B7CE0CEA-3A37-42DE-A6FA-4834281A41E5}</link>
      <value _ptr_="0D501958" type="dict" key="loginInfo">
        <value type="string" key="wmi.hostName"></value>
        <value type="string" key="wmi.userName"></value>
      </value>
      <value _ptr_="0D501998" type="dict" key="serverInfo">
        <value type="int" key="setupPending">1</value>
        <value type="string" key="sys.config.path"></value>
        <value type="string" key="sys.config.section">mysqld</value>
        <value type="string" key="sys.mysqld.service_name">wampmysqld</value>
        <value type="string" key="sys.preset">Custom</value>
        <value type="string" key="sys.system">Windows</value>
        <value type="int" key="windowsAdmin">1</value>
      </value>
      <value type="string" key="name">Local wampmysqld</value>
      <link type="object" struct-name="GrtObject" key="owner">{CFAFA355-D2F8-4FB2-95B4-B6A409A7B9D4}</link>
    </value>
    <value type="object" struct-name="db.mgmt.ServerInstance" id="{A29E02A6-C7F9-4F16-8695-09CEB3DB27C5}" struct-checksum="0x367436e2">
      <link type="object" struct-name="db.mgmt.Connection" key="connection">{9B4D35C3-A06A-491E-BC75-51ECD80DF653}</link>
      <value _ptr_="0D394068" type="dict" key="loginInfo">
        <value type="string" key="ssh.hostName"></value>
        <value type="string" key="ssh.key">C:\Users\Papa\AppData\Roaming/.ssh/ssh_private_key</value>
        <value type="string" key="ssh.localPort">3306</value>
        <value type="int" key="ssh.useKey">0</value>
        <value type="string" key="ssh.userName">mysql</value>
      </value>
      <value _ptr_="0D393D68" type="dict" key="serverInfo">
        <value type="string" key="basedir">c:/wamp/bin/mysql/mysql5.6.17</value>
        <value type="string" key="datadir">c:\wamp\bin\mysql\mysql5.6.17\data\</value>
        <value type="string" key="detected_os_name">Windows 10 Home</value>
        <value type="string" key="detected_os_type">windows</value>
        <value type="string" key="detected_os_variant">Windows</value>
        <value type="string" key="detected_os_version">Microsoft Windows [version 10.0.10240]</value>
        <value type="string" key="errorLogFilePath">c:\wamp\logs\mysql.log</value>
        <value type="string" key="generalLogFilePath">c:\wamp\bin\mysql\mysql5.6.17\data\PC_Papa.log</value>
        <value type="string" key="serverVersion">5.6.17</value>
        <value type="int" key="setupPending">0</value>
        <value type="string" key="slowLogFilePath">c:\wamp\bin\mysql\mysql5.6.17\data\PC_Papa-slow.log</value>
        <value type="string" key="sys.config.path">%ProgramFiles%\MySQL\MySQL Server 5.0\my.ini</value>
        <value type="string" key="sys.config.section">mysqld</value>
        <value type="string" key="sys.mysqld.service_name">MySQL</value>
        <value type="string" key="sys.mysqld.start">sc start mysql</value>
        <value type="string" key="sys.mysqld.stop">sc stop mysql</value>
        <value type="string" key="sys.sudo"></value>
        <value type="string" key="sys.system">Windows</value>
        <value type="int" key="sys.usesudo">1</value>
        <value type="int" key="sys.usesudostatus">0</value>
        <value type="int" key="windowsAdmin">1</value>
      </value>
      <value type="string" key="name">Christian</value>
      <link type="object" struct-name="GrtObject" key="owner">{CFAFA355-D2F8-4FB2-95B4-B6A409A7B9D4}</link>
    </value>
    <value type="object" struct-name="db.mgmt.ServerInstance" id="{6E4BC156-7CBF-43BF-B370-A4BF84D520DC}" struct-checksum="0x367436e2">
      <link type="object" struct-name="db.mgmt.Connection" key="connection">{CF4A3BEF-E09F-4461-BF36-82C9C10E044A}</link>
      <value _ptr_="0CD504E0" type="dict" key="loginInfo">
        <value type="string" key="ssh.hostName"></value>
        <value type="string" key="ssh.key">C:\Users\Papa\AppData\Roaming/.ssh/ssh_private_key</value>
        <value type="string" key="ssh.localPort">3306</value>
        <value type="int" key="ssh.useKey">0</value>
        <value type="string" key="ssh.userName">mysql</value>
      </value>
      <value _ptr_="0CD50520" type="dict" key="serverInfo">
        <value type="string" key="serverVersion">5.6</value>
        <value type="int" key="setupPending">1</value>
        <value type="string" key="sys.config.path">%ProgramData%\MySQL\MySQL Server 5.6\my.ini</value>
        <value type="string" key="sys.config.section">mysqld</value>
        <value type="string" key="sys.mysqld.service_name">MySQL</value>
        <value type="string" key="sys.mysqld.start">sc start mysql</value>
        <value type="string" key="sys.mysqld.stop">sc stop mysql</value>
        <value type="string" key="sys.system">Windows</value>
        <value type="int" key="sys.usesudo">1</value>
        <value type="int" key="windowsAdmin">1</value>
      </value>
      <value type="string" key="name"></value>
      <link type="object" struct-name="GrtObject" key="owner">{CFAFA355-D2F8-4FB2-95B4-B6A409A7B9D4}</link>
    </value>
    <value type="object" struct-name="db.mgmt.ServerInstance" id="{C95328FD-E9A3-4C90-AD3C-D3A394CB9460}" struct-checksum="0x367436e2">
      <link type="object" struct-name="db.mgmt.Connection" key="connection">{9532AF2E-3C5F-44DD-93AB-9C84E8BCD4AF}</link>
      <value _ptr_="131C3590" type="dict" key="loginInfo">
        <value type="string" key="ssh.hostName"></value>
        <value type="string" key="ssh.key">C:\Users\Papa\AppData\Roaming/.ssh/ssh_private_key</value>
        <value type="string" key="ssh.localPort">3306</value>
        <value type="int" key="ssh.useKey">0</value>
        <value type="string" key="ssh.userName">mysql</value>
      </value>
      <value _ptr_="131C3190" type="dict" key="serverInfo">
        <value type="string" key="serverVersion">5.6</value>
        <value type="int" key="setupPending">1</value>
        <value type="string" key="sys.config.path">%ProgramData%\MySQL\MySQL Server 5.6\my.ini</value>
        <value type="string" key="sys.config.section">mysqld</value>
        <value type="string" key="sys.mysqld.service_name">MySQL</value>
        <value type="string" key="sys.mysqld.start">sc start mysql</value>
        <value type="string" key="sys.mysqld.stop">sc stop mysql</value>
        <value type="string" key="sys.system">Windows</value>
        <value type="int" key="sys.usesudo">1</value>
        <value type="int" key="windowsAdmin">1</value>
      </value>
      <value type="string" key="name"></value>
      <link type="object" struct-name="GrtObject" key="owner">{CFAFA355-D2F8-4FB2-95B4-B6A409A7B9D4}</link>
    </value>
  </value>
</data>
